level,level_name,field_of_study,academic_field,field_of_study_cleaned,academic_field_cleaned
unknown,unknown,"-, Marketing/Marketing Management, General",marketing,marketingmarketing management general,marketing
unknown,unknown,“Wellness Counseling Certificate”,,“wellness counseling certificate”,other
unknown,unknown,"(BA) Hons Fashion, Fashion/Apparel Design",,ba hons fashion fashionapparel design,other
unknown,unknown,"(BA) Liberal Arts, Liberal Arts and Sciences/Liberal Studies",,ba liberal arts liberal arts and sciencesliberal studies,other
unknown,unknown,* Career certificate of Marketing.,,career certificate of marketing,marketing
unknown,unknown,"1st Class Honour, Information System and Computing",,st class honour information system and computing,information system
unknown,unknown,"2:1, Business Management",business management,business management,business management
unknown,unknown,"2:1, French and Hispanic Studies",,french and hispanic studies,other
unknown,unknown,"2.1, Graphic Design and Illustration",,graphic design and illustration,graphic design
unknown,unknown,"2.1, Management",,management,marketing
unknown,unknown,"2nd Lower Honours, Management",,nd lower honours management,management
unknown,unknown,A Level,,a level,other
unknown,unknown,"Academic Qualification, Computer Science and Business Administration ",computer science,academic qualification computer science and business administration,computer science
unknown,unknown,"ACCA, Accounting",accounting,acca accounting,accounting
unknown,unknown,"Accelerated Development Program, General Management / Leadership",,accelerated development program general management leadership,management
unknown,unknown,Accountancy and Finance,accounting,accountancy and finance,accounting
unknown,unknown,Accounting,accounting,accounting,accounting
unknown,unknown,Accounting & Finance,accounting,accounting finance,accounting
unknown,unknown,Accounting and Business/Management,accounting,accounting and businessmanagement,accounting
unknown,unknown,Accounting and Finance,accounting,accounting and finance,accounting
unknown,unknown,"Accounting and Management  BSc (Hons), Business and Management",accounting,accounting and management bsc hons business and management,accounting
unknown,unknown,"Accredited Editor (AE), Professionally qualified editor",,accredited editor ae professionally qualified editor,other
unknown,unknown,"ACMA, Management Accounting",,acma management accounting,accounting
unknown,unknown,"ACMA, Management Accounting",accounting,acma management accounting,accounting
diploma,diploma,"Advance Diploma in Accounting and Business, Accounting and Business/Management",accounting,advance diploma in accounting and business accounting and businessmanagement,accounting
diploma,diploma,"Advance Diploma in Computer Study, Management Information Systems, General",,advance diploma in computer study management information systems general,management
diploma,diploma,"Advance Diploma of Multimedia Design, Multimedia Design",,advance diploma of multimedia design multimedia design,other
unknown,unknown,"Advance Management Program, Leadership",,advance management program leadership,management
unknown,unknown,"advanced certificate , practical counselling",,advanced certificate practical counselling,other
unknown,unknown,"Advanced Certification Program in Cyber Security ( IIT Kanpur )   , Cyber Security",,advanced certification program in cyber security iit kanpur cyber security,cyber
unknown,unknown,"Advanced Degree in Political Science, International Politics",,advanced degree in political science international politics,political science
diploma,diploma,Advanced Diploma of Aviation,,advanced diploma of aviation,other
diploma,diploma,"Advanced Diploma of Electrical Engineering, Power Distribution",electrical engineering,advanced diploma of electrical engineering power distribution,electrical engineering
diploma,diploma,"Advanced Diploma, Business Administration and Management",business management,advanced diploma business administration and management,business management
diploma,diploma,"Advanced Diploma, Business Management",business management,advanced diploma business management,business management
diploma,diploma,"Advanced diploma, Electrical, Electronic and Communications Engineering Technology/Technician",,advanced diploma electrical electronic and communications engineering technologytechnician,electronic
diploma,diploma,"Advanced Diploma, Information Systems",,advanced diploma information systems,information system
diploma,diploma,"Advanced Diploma, Visual Communications (Graphic Design)",,advanced diploma visual communications graphic design,graphic design
unknown,unknown,"advanced international certificate in AML, money laundering ",,advanced international certificate in aml money laundering,other
unknown,unknown,"Advanced Management Program (AMP 199), Advanced Management and Leadership",,advanced management program amp advanced management and leadership,management
unknown,unknown,"Advanced Management Program, Management",,advanced management program management,management
unknown,unknown,"Advanced Master's degree, Strategy & Management of International Affairs",,advanced masters degree strategy management of international affairs,management
unknown,unknown,Advancing Next-Gen Leaders Program,,advancing nextgen leaders program,other
unknown,unknown,"Aerospace, Aeronautical and Astronautical/Space Engineering",,aerospace aeronautical and astronauticalspace engineering,space
unknown,unknown,"Agile Coaching, Scrum",,agile coaching scrum,other
unknown,unknown,agricultural engineering,,agricultural engineering,agricultural engineering
unknown,unknown,AltMBA37,,altmba,marketing
unknown,unknown,Applied Mathematics,applied mathematics,applied mathematics,applied mathematics
unknown,unknown,architechture,Architecture and design,architechture,architecture and design
unknown,unknown,Architecture,Architecture and design,architecture,architecture and design
unknown,unknown,"Artificial Intelligence, Marketing/Marketing Management, General",,artificial intelligence marketingmarketing management general,marketing
unknown,unknown,"Artificial Intelligence: Business Strategies and Applications, Executive Certification",,artificial intelligence business strategies and applications executive certification,business
unknown,unknown,Artificial Intelligence: Implications for Business Strategy Program,,artificial intelligence implications for business strategy program,business
unknown,unknown,"Arts and Festival Management, Arts and Festival Management",,arts and festival management arts and festival management,management
unknown,unknown,"AS, Paralegal",,as paralegal,other
unknown,unknown,Asset Management,,asset management,management
unknown,unknown,Associate Member at CPA Australia,,associate member at cpa australia,other
unknown,unknown,"Associate of Science - AS, Journalism",,associate of science as journalism,journalism
unknown,unknown,"Associate's degree, Business, Management, Marketing, and Related Support Services",,associates degree business management marketing and related support services,business management
unknown,unknown,"Associate's degree, Room Division",,associates degree room division,other
unknown,unknown,"Associate’s Degree, Tourism and Marketing",,associate’s degree tourism and marketing,marketing
unknown,unknown,"Assoicate Estate Planning Practitioner , Estate Planning ",,assoicate estate planning practitioner estate planning,other
unknown,unknown,AW#27,,aw,marketing
bachelor,bachelor,"B App Sc(CE), Computer Engineering",,b app scce computer engineering,other
bachelor,bachelor,"B Communications Public Relations, Marketing",marketing,b communications public relations marketing,marketing
bachelor,bachelor,"B Sc., Chemistry (General)",chemistry,b sc chemistry general,chemistry
bachelor,bachelor,"B Soc. Sci., Communications and New Media",,b soc sci communications and new media,other
bachelor,bachelor,"B Tech, Telecommunication",,b tech telecommunication,other
bachelor,bachelor,"B, Hotelmanagement, business administration",,b hotelmanagement business administration,business administration
bachelor,bachelor,"B. Eng, Electrical Engineering",electrical engineering,b eng electrical engineering,electrical engineering
bachelor,bachelor,"B. Sc, Computer Science; Networking Techniques and Management of Information Systems",computer science,b sc computer science networking techniques and management of information systems,computer science
bachelor,bachelor,"B. Sc. HBP (Architecture), Architecture",,b sc hbp architecture architecture,other
bachelor,bachelor,"B.A (2nd Upper Class Honours), History",history,ba nd upper class honours history,history
bachelor,bachelor,"B.A. (Hons) / M.Eng, Electrical and Electronic Engineering",,ba hons meng electrical and electronic engineering,electronic
bachelor,bachelor,"B.A. Honours, Business Administration with Major in Economics & International Finance",,ba honours business administration with major in economics international finance,business administration
bachelor,bachelor,"B.A. Hons (2nd Upper), English Literature",english literature,ba hons nd upper english literature,english literature
bachelor,bachelor,"B.A. Hons in English Language & Literature, English Language and Literature, General",,ba hons in english language literature english language and literature general,literature
bachelor,bachelor,"B.A. Journalism & Mass Communications, Journalism and Mass Communications",,ba journalism mass communications journalism and mass communications,journalism
bachelor,bachelor,"B.A., Business Economics",,ba business economics,business
bachelor,bachelor,"B.A., Computer Science",computer science,ba computer science,computer science
bachelor,bachelor,"B.A., Foreign Trade",,ba foreign trade,other
bachelor,bachelor,"B.A., Japanese",,ba japanese,other
bachelor,bachelor,"B.A., Psychology, Journalism",,ba psychology journalism,psychology
bachelor,bachelor,B.A.(Policy Management)],,bapolicy management,management
bachelor,bachelor,"B.Bus, Business Information Systems",,bbus business information systems,business
bachelor,bachelor,"B.Com, Banking & Finance",,bcom banking finance,finance
bachelor,bachelor,"B.Comp, Information Systems",,bcomp information systems,information system
bachelor,bachelor,"B.E, Computer Science",computer science,be computer science,computer science
bachelor,bachelor,"B.E, Computer Technology",,be computer technology,other
bachelor,bachelor,"B.E. (CS), Computer Science",computer science,be cs computer science,computer science
bachelor,bachelor,"B.E., Electronics",,be electronics,electronic
bachelor,bachelor,"B.Eng (Hons), Electrical & Electronic Engineering",,beng hons electrical electronic engineering,electronic
bachelor,bachelor,"B.Eng, Computer Engineering with a Minor in Business",,beng computer engineering with a minor in business,business
bachelor,bachelor,"B.Eng, Electrical Engineering",electrical engineering,beng electrical engineering,electrical engineering
bachelor,bachelor,"B.S, Electrical Engineering",electrical engineering,bs electrical engineering,electrical engineering
bachelor,bachelor,"B.S, Finance and Financial Management Services",,bs finance and financial management services,finance
bachelor,bachelor,B.S., Business Administration,bs,business administration
bachelor,bachelor,"B.S. and MBA, Economics and Organizational Leadership",,bs and mba economics and organizational leadership,economics
bachelor,bachelor,"B.S. Business Administration, Leed's School of Business",,bs business administration leeds school of business,business administration
bachelor,bachelor,"B.S. Marketing, Statistics, Business Administration",,bs marketing statistics business administration,marketing
bachelor,bachelor,"B.S., Management",,bs management,management
bachelor,bachelor,"B.S.E., Computer Science in Engineering",computer science,bse computer science in engineering,computer science
bachelor,bachelor,"B.Sc Real Estate, Real Estate",,bsc real estate real estate,other
bachelor,bachelor,"B.SC, Biochemistry with Biotechnology & Molecular Genetics",,bsc biochemistry with biotechnology molecular genetics,chemistry
bachelor,bachelor,"B.SC, Mechanical Engineering, Industrial / Operational Management & Business Administration",,bsc mechanical engineering industrial operational management business administration,business administration
bachelor,bachelor,"B.Sc.  (Statistics, Economics, Math’s, English and French)",,bsc statistics economics math’s english and french,economics
bachelor,bachelor hons,B.Sc. (Hons) of Food Science & Technology,,bsc hons of food science technology,food science
bachelor,bachelor hons,"B.Sc. (Hons), International Hospitality Management",,bsc hons international hospitality management,management
bachelor,bachelor hons,"B.Sc. (Hons), International Management",,bsc hons international management,management
bachelor,bachelor,"B.Sc., Computer Science",computer science,bsc computer science,computer science
bachelor,bachelor,"B.Sc.E, Electrical Engineering",electrical engineering,bsce electrical engineering,electrical engineering
bachelor,bachelor,"B.Tech, Engineering",,btech engineering,other
bachelor,bachelor,"B.tech, Human Resources Management/Personnel Administration, General",Human Resources,btech human resources managementpersonnel administration general,human resources
bachelor,bachelor,BA,,ba,marketing
bachelor,bachelor hons,"BA ""Hons"", Graphic Design",,ba hons graphic design,graphic design
bachelor,bachelor hons,"BA (Hons) Accounting & Finance, Accounting & Finance",,ba hons accounting finance accounting finance,accounting
bachelor,bachelor hons,"BA (Hons) Fashion Pattern Cutting, Fashion/Apparel Design",,ba hons fashion pattern cutting fashionapparel design,other
bachelor,bachelor hons,BA (Hons) History,,ba hons history,history
bachelor,bachelor hons,"BA (Hons) of Business and Human Resource Management, HRM",,ba hons of business and human resource management hrm,business
bachelor,bachelor hons,"BA (Hons), Arabic and Middle East Studies",languages and literature,ba hons arabic and middle east studies,languages and literature
bachelor,bachelor hons,"BA (Hons), Business Studies",,ba hons business studies,business
bachelor,bachelor hons,"BA (Hons), Business, major in Marketing",,ba hons business major in marketing,marketing
bachelor,bachelor hons,"BA (Hons), Communication and Media",,ba hons communication and media,other
bachelor,bachelor hons,"BA (Hons), European Business",,ba hons european business,business
bachelor,bachelor hons,"BA (Hons), First Class",,ba hons first class,other
bachelor,bachelor hons,"BA (Hons), Graphic Communication",,ba hons graphic communication,other
bachelor,bachelor hons,"BA (hons), Human Geography",human geography,ba hons human geography,human geography
bachelor,bachelor hons,"BA (Hons), Media Studies",media studies,ba hons media studies,media studies
bachelor,bachelor hons,"BA (Hons), Politics & Law",,ba hons politics law,law
bachelor,bachelor hons,"BA (hons), Psychology with Health Studies",,ba hons psychology with health studies,psychology
bachelor,bachelor hons,"BA Business Organisation (Hons.), Business Administration and Management, General",,ba business organisation hons business administration and management general,business administration
bachelor,bachelor,"BA European Languages, Spanish Language and Literature",,ba european languages spanish language and literature,languages
bachelor,bachelor,"BA Honours & BTEC Diploma holder, London University of the Arts (London Institute)",,ba honours btec diploma holder london university of the arts london institute,the arts
bachelor,bachelor hons,"BA Hons, Business & Law",,ba hons business law,business
bachelor,bachelor hons,"BA Hons, Graphic Design",,ba hons graphic design,graphic design
bachelor,bachelor hons,"BA Hons, Linguistics",,ba hons linguistics,other
bachelor,bachelor,"BA in Marketing and the Media, Marketing/Marketing Management, General",,ba in marketing and the media marketingmarketing management general,marketing
bachelor,bachelor,"BA Media Communication, Currently Completing",,ba media communication currently completing,other
bachelor,bachelor,BA Philosophy,,ba philosophy,philosophy
bachelor,bachelor,"BA, Asian Studies",asian studies,ba asian studies,asian studies
bachelor,bachelor,"BA, Business Economics",,ba business economics,business
bachelor,bachelor,"BA, Communication Arts, English",,ba communication arts english,other
bachelor,bachelor,"BA, Communications, PR",,ba communications pr,other
bachelor,bachelor,"BA, Economics",economics,ba economics,economics
bachelor,bachelor,"BA, Economics & Commerce",economics,ba economics commerce,economics
bachelor,bachelor,"BA, Economics, Political Science, Psychology",psychology,ba economics political science psychology,psychology
bachelor,bachelor,"BA, English",languages and literature,ba english,languages and literature
bachelor,bachelor,"BA, English and History",languages and literature,ba english and history,languages and literature
bachelor,bachelor,"BA, English and World Literature; Music",languages and literature,ba english and world literature music,languages and literature
bachelor,bachelor,"BA, English Language and Literature/Letters",languages and literature,ba english language and literatureletters,languages and literature
bachelor,bachelor,"BA, English Literature / Journalism and Mass Media",journalism,ba english literature journalism and mass media,journalism
bachelor,bachelor,"BA, International Relations",international relations,ba international relations,international relations
bachelor,bachelor,"BA, International Studies -- European Studies",,ba international studies european studies,european studies
bachelor,bachelor,"BA, Political Science",political science,ba political science,political science
bachelor,bachelor,"BA, Social Sciences - Business and Management",,ba social sciences business and management,business
bachelor,bachelor hons,BA(HONS) in Business Administration,,bahons in business administration,business administration
bachelor,bachelor hons,BA(Hons) International Business,,bahons international business,business
bachelor,bachelor hons,"BA(Hons) Product Design, Industrial and Product Design",,bahons product design industrial and product design,industrial
bachelor,bachelor hons,"BA(Hons), Advertising Design",,bahons advertising design,advertising
bachelor,bachelor,"Bachelor (2nd Upper), Communication Studies",,bachelor nd upper communication studies,communication studies
bachelor,bachelor,Bachelor (Honours) in Business Management with Communications,business management,bachelor honours in business management with communications,business management
bachelor,bachelor,"Bachelor Degree in Business Administration , Human Resource Management ",,bachelor degree in business administration human resource management,business administration
bachelor,bachelor,Bachelor Degree in BusinessIT & Management,,bachelor degree in businessit management,business
bachelor,bachelor,Bachelor Degree in Mass Communication,,bachelor degree in mass communication,mass communication
bachelor,bachelor,"Bachelor Degree, Business Management and Accountancy",business management,bachelor degree business management and accountancy,business management
bachelor,bachelor,"Bachelor Degree, Business Studies (Marketing)",,bachelor degree business studies marketing,marketing
bachelor,bachelor,"Bachelor degree, Public Relations/Image Management",,bachelor degree public relationsimage management,management
bachelor,bachelor,"Bachelor Degree; Graduate Diploma, Computer Science Engineering",computer science,bachelor degree graduate diploma computer science engineering,computer science
bachelor,bachelor,"Bachelor in Arts and Science, Specialisation in Communications Studies, Television production ; Minor in Political Science",performing arts,bachelor in arts and science specialisation in communications studies television production minor in political science,performing arts
bachelor,Bachelor,"Bachelor in Business Administration (B.B.A.), International Marketing (TVU)",,bachelor in business administration bba international marketing tvu,marketing
bachelor,bachelor,"Bachelor in Business Adminstration, Business Administration",business administration,bachelor in business adminstration business administration,business administration
bachelor,bachelor,"Bachelor in Business Management, Operations Management (Analytics) and Strategic Management",business management,bachelor in business management operations management analytics and strategic management,business management
bachelor,bachelor,Bachelor in Communication and Media Studies,media studies,bachelor in communication and media studies,media studies
bachelor,bachelor,"Bachelor in Film and Tv, Bachelor in Film and Tv",,bachelor in film and tv bachelor in film and tv,other
bachelor,bachelor,"Bachelor in Graphic Design , Graphic Design",,bachelor in graphic design graphic design,graphic design
bachelor,bachelor,Bachelor in Mechanical Engineering,,bachelor in mechanical engineering,other
bachelor,bachelor,"Bachelor in Occupational Safety & Health with honor, safety",,bachelor in occupational safety health with honor safety,other
bachelor,bachelor,"Bachelor in Science (Honours) Management, Marketing/Marketing Management, General",,bachelor in science honours management marketingmarketing management general,marketing
bachelor,bachelor,"Bachelor in Technology, Information Technology",,bachelor in technology information technology,information technology
bachelor,bachelor,Bachelor of Accountancy and Business (Marketing),accounting,bachelor of accountancy and business marketing,accounting
bachelor,bachelor,"Bachelor of Accountancy with Honours, Accountancy ",accounting,bachelor of accountancy with honours accountancy,accounting
bachelor,bachelor,"Bachelor of Accountancy, 2nd Major in Analytics (Accounting)",accounting,bachelor of accountancy nd major in analytics accounting,accounting
bachelor,bachelor,"Bachelor of Accountancy, Accounting",accounting,bachelor of accountancy accounting,accounting
bachelor,bachelor,"Bachelor of Accountancy, Accounting and Finance",accounting,bachelor of accountancy accounting and finance,accounting
bachelor,bachelor,"Bachelor of Agriculture, Agronomy",,bachelor of agriculture agronomy,agriculture
bachelor,bachelor,"Bachelor of Applied Engineering, Civil Engineering",civil engineering,bachelor of applied engineering civil engineering,civil engineering
bachelor,bachelor,"Bachelor of Applied Science - BASc, Computer and Information Sciences and Support Services",,bachelor of applied science basc computer and information sciences and support services,information
bachelor,bachelor,"Bachelor of Applied Science (B.A.Sc.), Business Administration and Management, General",,bachelor of applied science basc business administration and management general,business administration
bachelor,bachelor,"Bachelor of Applied Science (B.A.Sc.), Business, Economics and Social Sciences",,bachelor of applied science basc business economics and social sciences,business
bachelor,bachelor,"Bachelor of Applied Science (B.A.Sc.), Communication Studies",,bachelor of applied science basc communication studies,communication studies
bachelor,bachelor,"Bachelor of Applied Science (B.A.Sc.), Computer Engineering",,bachelor of applied science basc computer engineering,other
bachelor,bachelor,"Bachelor of Applied Science (B.A.Sc.), Electrical and Electronics Engineering",,bachelor of applied science basc electrical and electronics engineering,electronic
bachelor,bachelor,"Bachelor of Applied Science (BASc), Business, Management, Marketing, and Related Support Services",,bachelor of applied science basc business management marketing and related support services,business management
bachelor,bachelor,Bachelor of Arts - BA,,bachelor of arts ba,other
bachelor,bachelor,"Bachelor of Arts - BA (Honours), Political Science ",political science,bachelor of arts ba honours political science,political science
bachelor,bachelor,"Bachelor of Arts - BA (Hons), International/Global Studies",,bachelor of arts ba hons internationalglobal studies,other
bachelor,bachelor,"Bachelor of Arts - BA, Art History, French",,bachelor of arts ba art history french,history
bachelor,bachelor,"Bachelor of Arts - BA, Business Administration and Management, General",,bachelor of arts ba business administration and management general,business administration
bachelor,bachelor,"Bachelor of Arts - BA, Business Administration, Management and Operations",,bachelor of arts ba business administration management and operations,business administration
bachelor,bachelor,"Bachelor of Arts - BA, Business Management",business management,bachelor of arts ba business management,business management
bachelor,bachelor,"Bachelor of Arts - BA, Business with Human Resource Management",,bachelor of arts ba business with human resource management,business
bachelor,bachelor,"Bachelor of Arts - BA, Communication and Media Studies",media studies,bachelor of arts ba communication and media studies,media studies
bachelor,Bachelor,"Bachelor of Arts - BA, Communication and Media, Journalism",media studies,bachelor of arts ba communication and media journalism,media studies
bachelor,bachelor,"Bachelor of Arts - BA, Communications and New Media",media studies,bachelor of arts ba communications and new media,media studies
bachelor,bachelor,"Bachelor of Arts - BA, Design and Visual Communications, General",languages and literature,bachelor of arts ba design and visual communications general,languages and literature
bachelor,bachelor,"Bachelor of Arts - BA, English Language",languages and literature,bachelor of arts ba english language,languages and literature
bachelor,bachelor,"Bachelor of Arts - BA, English Language and Literature, General",languages and literature,bachelor of arts ba english language and literature general,languages and literature
bachelor,bachelor,"Bachelor of Arts - BA, English Language and Literature/Letters with an emphasis in Creative Writing",languages and literature,bachelor of arts ba english language and literatureletters with an emphasis in creative writing,languages and literature
bachelor,bachelor,"Bachelor of Arts - BA, History / Minor in Communication Studies",,bachelor of arts ba history minor in communication studies,history
bachelor,bachelor,"Bachelor of Arts - BA, International Business",,bachelor of arts ba international business,business
bachelor,bachelor,"Bachelor of Arts - BA, International Relations and Affairs",,bachelor of arts ba international relations and affairs,international relations
bachelor,bachelor,"Bachelor of Arts - BA, Journalism",,bachelor of arts ba journalism,journalism
bachelor,bachelor,"Bachelor of Arts - BA, Language and Communication",Languages and literature,bachelor of arts ba language and communication,languages and literature
bachelor,bachelor,"Bachelor of Arts - BA, Linguistics",Languages and literature,bachelor of arts ba linguistics,languages and literature
bachelor,bachelor,"Bachelor of Arts - BA, Mass Communication/Media Studies",media studies,bachelor of arts ba mass communicationmedia studies,media studies
bachelor,bachelor,"Bachelor of Arts - BA, Oriental Languages and Cultures",,bachelor of arts ba oriental languages and cultures,languages
bachelor,bachelor,"Bachelor of Arts - BA, Philosophy",philosophy,bachelor of arts ba philosophy,philosophy
bachelor,bachelor,"Bachelor of Arts - BA, Philosophy and Politics",philosophy,bachelor of arts ba philosophy and politics,philosophy
bachelor,bachelor,"Bachelor of Arts - BA, Public Relations & Marketing",marketing,bachelor of arts ba public relations marketing,marketing
bachelor,bachelor,"Bachelor of Arts - BA, Sociology",sociology,bachelor of arts ba sociology,sociology
bachelor,bachelor,"Bachelor of Arts - BA, Theatre/Theater",,bachelor of arts ba theatretheater,other
bachelor,bachelor,"Bachelor of Arts - BA, Tourism & Events Management / Hospitality & Tourism Management",,bachelor of arts ba tourism events management hospitality tourism management,management
bachelor,bachelor,"Bachelor of Arts - BA, Translation",,bachelor of arts ba translation,translation
bachelor,bachelor,"Bachelor of Arts - BA(Hons), Business with Tourism",,bachelor of arts bahons business with tourism,business
bachelor,Bachelor,Bachelor of Arts (B.A.),,bachelor of arts ba,other
bachelor,bachelor,"Bachelor of Arts (B.A.) Honours, Business and Management",business management,bachelor of arts ba honours business and management,business management
bachelor,bachelor,"Bachelor of Arts (B.A.) in Design Communication, Graphic Design",,bachelor of arts ba in design communication graphic design,graphic design
bachelor,bachelor,"Bachelor of Arts (B.A.), Advertising",,bachelor of arts ba advertising,advertising
bachelor,bachelor,"Bachelor of Arts (B.A.), Advertising and Marketing",,bachelor of arts ba advertising and marketing,marketing
bachelor,bachelor,"Bachelor of Arts (B.A.), Arts, Entertainment, and Media Management",,bachelor of arts ba arts entertainment and media management,management
bachelor,bachelor,"Bachelor of Arts (B.A.), Behavioral Studies",,bachelor of arts ba behavioral studies,other
bachelor,bachelor,"Bachelor of Arts (B.A.), Business & Human Resources Management",Human Resources,bachelor of arts ba business human resources management,human resources
bachelor,bachelor,"Bachelor of Arts (B.A.), Business Studies",,bachelor of arts ba business studies,business
bachelor,bachelor,"Bachelor of Arts (B.A.), Communication and Media Studies",media studies,bachelor of arts ba communication and media studies,media studies
bachelor,bachelor,"Bachelor of Arts (B.A.), Communications",,bachelor of arts ba communications,other
bachelor,bachelor,"Bachelor of Arts (B.A.), Computer Science",computer science,bachelor of arts ba computer science,computer science
bachelor,bachelor,"Bachelor of Arts (B.A.), Creative Writing and English double major with an Environmental Studies minor",,bachelor of arts ba creative writing and english double major with an environmental studies minor,creative writing
bachelor,bachelor,"Bachelor of Arts (B.A.), Double Major in Communication and Media Studies, Economics",media studies,bachelor of arts ba double major in communication and media studies economics,media studies
bachelor,bachelor,"Bachelor of Arts (B.A.), Economics",economics,bachelor of arts ba economics,economics
bachelor,bachelor,"Bachelor of Arts (B.A.), Economics, Chinese Studies, Philiosophy",,bachelor of arts ba economics chinese studies philiosophy,economics
bachelor,bachelor,"Bachelor of Arts (B.A.), Economics, Sociology",sociology,bachelor of arts ba economics sociology,sociology
bachelor,bachelor,"Bachelor of Arts (B.A.), English Language and Literature, General",,bachelor of arts ba english language and literature general,literature
bachelor,bachelor,"Bachelor of Arts (B.A.), English Literature (British and Commonwealth)",english literature,bachelor of arts ba english literature british and commonwealth,english literature
bachelor,bachelor,"Bachelor of Arts (B.A.), English Literature/Philosophy",,bachelor of arts ba english literaturephilosophy,english literature
bachelor,bachelor,"Bachelor of Arts (B.A.), Finance",finance,bachelor of arts ba finance,finance
bachelor,bachelor,"Bachelor of Arts (B.A.), French and German",,bachelor of arts ba french and german,other
bachelor,bachelor,"Bachelor of Arts (B.A.), International Studies",,bachelor of arts ba international studies,other
bachelor,bachelor,"Bachelor of Arts (B.A.), International Studies - Economics ",,bachelor of arts ba international studies economics,economics
bachelor,Bachelor,"Bachelor of Arts (B.A.), Law and Management Science",Law,bachelor of arts ba law and management science,law
bachelor,bachelor,"Bachelor of Arts (B.A.), Major in English, Minor in Linguistics",,bachelor of arts ba major in english minor in linguistics,other
bachelor,bachelor,"Bachelor of Arts (B.A.), Marketing",marketing,bachelor of arts ba marketing,marketing
bachelor,bachelor,"Bachelor of Arts (B.A.), Mass Communication/Media Studies",media studies,bachelor of arts ba mass communicationmedia studies,media studies
bachelor,bachelor,"Bachelor of Arts (B.A.), Philosophy and English",,bachelor of arts ba philosophy and english,philosophy
bachelor,Bachelor,"Bachelor of Arts (B.A.), Psychology",Psychology,bachelor of arts ba psychology,psychology
bachelor,bachelor,"Bachelor of Arts (B.A.), Visual Communications Design",,bachelor of arts ba visual communications design,visual communication
bachelor,bachelor,"Bachelor of Arts (BA) Honours, Psychology",psychology,bachelor of arts ba honours psychology,psychology
bachelor,bachelor,"Bachelor of Arts (BA), Anthropology",anthropology,bachelor of arts ba anthropology,anthropology
bachelor,bachelor,"Bachelor of Arts (BA), Contemporary Music Studies",,bachelor of arts ba contemporary music studies,other
bachelor,bachelor,"Bachelor of Arts (BA), Economics",economics,bachelor of arts ba economics,economics
bachelor,bachelor,"Bachelor of Arts (BA), English Language and Literature, General",,bachelor of arts ba english language and literature general,literature
bachelor,bachelor,"Bachelor of Arts (BA), Fiction Writing, Creative Nonfiction, Research, Photography",,bachelor of arts ba fiction writing creative nonfiction research photography,creative nonfiction
bachelor,bachelor,"Bachelor of Arts (BA), Graphic Communications",,bachelor of arts ba graphic communications,other
bachelor,bachelor,"Bachelor of Arts (BA), Ho Chi Minh City University of Technology - School of Industrial Management",,bachelor of arts ba ho chi minh city university of technology school of industrial management,management
bachelor,bachelor,"Bachelor of Arts (BA), Politics and International Relations",,bachelor of arts ba politics and international relations,international relations
bachelor,bachelor,"Bachelor of Arts (BA), Psychology, Communications and New Media",,bachelor of arts ba psychology communications and new media,psychology
bachelor,bachelor,"Bachelor of Arts (BA), Sociology",sociology,bachelor of arts ba sociology,sociology
bachelor,bachelor,"Bachelor of Arts (Honors) in Industrial Design, Industrial Design",,bachelor of arts honors in industrial design industrial design,industrial
bachelor,bachelor,"Bachelor of Arts (Honours), Arts & Social Sciences",,bachelor of arts honours arts social sciences,other
bachelor,bachelor,"Bachelor of Arts (Hons, Second Upper), English Language",,bachelor of arts hons second upper english language,other
bachelor,bachelor,"Bachelor of Arts (Hons), English Language and Literature, General",,bachelor of arts hons english language and literature general,literature
bachelor,bachelor,"BACHELOR OF ARTS (HONS), JOURNALISM AND MASS COMMUNICATION",,bachelor of arts hons journalism and mass communication,journalism
bachelor,bachelor,"Bachelor of Arts & Bachelor of Education, Drama and English",,bachelor of arts bachelor of education drama and english,education
bachelor,bachelor,"Bachelor of Arts & Social Sciences, Political Science, Philosophy, English Literature",english literature,bachelor of arts social sciences political science philosophy english literature,english literature
bachelor,bachelor,"Bachelor of Arts and Social Sciences (BA) Hons, Psychology",psychology,bachelor of arts and social sciences ba hons psychology,psychology
bachelor,bachelor,"Bachelor of Arts and Social Sciences, Communications and New Media",,bachelor of arts and social sciences communications and new media,other
bachelor,bachelor,"Bachelor of Arts and Social Sciences, English Language",,bachelor of arts and social sciences english language,other
bachelor,bachelor,Bachelor of Arts in Psychology with Business,,bachelor of arts in psychology with business,business
bachelor,bachelor,"Bachelor of Arts with Honours, International Marketing",,bachelor of arts with honours international marketing,marketing
bachelor,bachelor,"Bachelor of Arts with Merit, Political Science",political science,bachelor of arts with merit political science,political science
bachelor,bachelor,"Bachelor of Arts, Anthropology and Psychology",,bachelor of arts anthropology and psychology,psychology
bachelor,bachelor,"Bachelor of Arts, Communication and Media Management",,bachelor of arts communication and media management,management
bachelor,bachelor,"Bachelor of Arts, Cultural Studies",,bachelor of arts cultural studies,cultural studies
bachelor,bachelor,"Bachelor of Arts, Economics",economics,bachelor of arts economics,economics
bachelor,bachelor,"Bachelor of Arts, Economics and Political Science",,bachelor of arts economics and political science,economics
bachelor,bachelor,"Bachelor of Arts, English and Journalism",,bachelor of arts english and journalism,journalism
bachelor,bachelor,"Bachelor of Arts, Mass Communications",,bachelor of arts mass communications,mass communication
bachelor,bachelor,"Bachelor of Arts, Political Science",political science,bachelor of arts political science,political science
bachelor,bachelor,Bachelor of Business (Honours),,bachelor of business honours,business
bachelor,Bachelor,"Bachelor of Business (Honours), Marketing",marketing,bachelor of business honours marketing,marketing
bachelor,bachelor,"Bachelor of Business (Hons), Marketing",marketing,bachelor of business hons marketing,marketing
bachelor,bachelor,"Bachelor of Business (Marketing), Marketing",marketing,bachelor of business marketing marketing,marketing
bachelor,bachelor,"Bachelor of Business Admin (Finance), Business Administration and Management, General",,bachelor of business admin finance business administration and management general,business administration
bachelor,bachelor,Bachelor of Business Administration - BBA,,bachelor of business administration bba,business administration
bachelor,bachelor,"Bachelor of Business Administration - BBA (Honours), Business Administration and Management, General",,bachelor of business administration bba honours business administration and management general,business administration
bachelor,bachelor,"Bachelor of Business Administration - BBA (Hons), Business Administration",,bachelor of business administration bba hons business administration,business administration
bachelor,bachelor,"Bachelor of Business Administration - BBA Marketing, with a Second Major in Communications & New Media",,bachelor of business administration bba marketing with a second major in communications new media,marketing
bachelor,bachelor,"Bachelor of Business Administration - BBA, Accounting and Business/Management",,bachelor of business administration bba accounting and businessmanagement,accounting
bachelor,bachelor,"Bachelor of Business Administration - BBA, Accounting, Operations Management",operations management,bachelor of business administration bba accounting operations management,operations management
bachelor,bachelor,"Bachelor of Business Administration - BBA, Banking & Finance",,bachelor of business administration bba banking finance,business administration
bachelor,bachelor,"Bachelor of Business Administration - BBA, Business administration ",,bachelor of business administration bba business administration,business administration
bachelor,bachelor,"Bachelor of Business Administration - BBA, Business Administration and Management, General",,bachelor of business administration bba business administration and management general,business administration
bachelor,bachelor,"Bachelor of Business Administration - BBA, Business, Management, Marketing, and Related Support Services",,bachelor of business administration bba business management marketing and related support services,business management
bachelor,bachelor,"Bachelor of Business Administration - BBA, Business/Corporate Communications",,bachelor of business administration bba businesscorporate communications,business administration
bachelor,bachelor,"Bachelor of Business Administration - BBA, Finance and Financial Management Services",,bachelor of business administration bba finance and financial management services,business administration
bachelor,bachelor,"Bachelor of Business Administration - BBA, Finance, General",,bachelor of business administration bba finance general,business administration
bachelor,bachelor,"Bachelor of Business Administration - BBA, First Class Honours",,bachelor of business administration bba first class honours,business administration
bachelor,bachelor,"Bachelor of Business Administration - BBA, Global Business and Marketing",,bachelor of business administration bba global business and marketing,marketing
bachelor,bachelor,"Bachelor of Business Administration - BBA, Information Management (Internet Service and Social Networks)",information management,bachelor of business administration bba information management internet service and social networks,information management
bachelor,bachelor,"Bachelor of Business Administration - BBA, International Business and Chinese Enterprise",,bachelor of business administration bba international business and chinese enterprise,business administration
bachelor,bachelor,"Bachelor of Business Administration - BBA, International Business Management",,bachelor of business administration bba international business management,business management
bachelor,bachelor,"Bachelor of Business Administration - BBA, Management Information Systems, General",,bachelor of business administration bba management information systems general,business administration
bachelor,bachelor,"Bachelor of Business Administration - BBA, Marketing",marketing,bachelor of business administration bba marketing,marketing
bachelor,bachelor,"Bachelor of Business Administration - BBA, Marketing & Information System ",,bachelor of business administration bba marketing information system,marketing
bachelor,bachelor,"Bachelor of Business Administration - BBA, Marketing Communications",,bachelor of business administration bba marketing communications,marketing
bachelor,bachelor,Bachelor of Business Administration - Finance,,bachelor of business administration finance,business administration
bachelor,bachelor,"Bachelor of Business Administration (B.B.A.)			  	         2007, 2010; International Business and Marketing",,bachelor of business administration bba			 	 international business and marketing,marketing
bachelor,bachelor,"Bachelor of Business Administration (B.B.A.) - Magna Cum Laude, Marketing",marketing,bachelor of business administration bba magna cum laude marketing,marketing
bachelor,bachelor,"Bachelor of Business Administration (B.B.A.) with Merit, Marketing",marketing,bachelor of business administration bba with merit marketing,marketing
bachelor,bachelor,"Bachelor of Business Administration (B.B.A.), Business Administration",business administration,bachelor of business administration bba business administration,business administration
bachelor,bachelor,"Bachelor of Business Administration (B.B.A.), Business Administration and Management, General",business administration,bachelor of business administration bba business administration and management general,business administration
bachelor,bachelor,"Bachelor of Business Administration (B.B.A.), Business Economics / International Business",business administration,bachelor of business administration bba business economics international business,business administration
bachelor,bachelor,"Bachelor of Business Administration (B.B.A.), Business Operations Management",business administration,bachelor of business administration bba business operations management,business administration
bachelor,bachelor,"Bachelor of Business Administration (B.B.A.), Business, Management and Marketing",marketing,bachelor of business administration bba business management and marketing,marketing
bachelor,bachelor,"Bachelor of Business Administration (B.B.A.), Business, Management, Marketing, and Related Support Services",business,bachelor of business administration bba business management marketing and related support services,business
bachelor,bachelor,"Bachelor of Business Administration (B.B.A.), Fiance and Banking",,bachelor of business administration bba fiance and banking,business administration
bachelor,bachelor,"Bachelor of Business Administration (B.B.A.), Finance, General",,bachelor of business administration bba finance general,business administration
bachelor,bachelor,"Bachelor of Business Administration (B.B.A.), International Business/Trade/Commerce",,bachelor of business administration bba international businesstradecommerce,business administration
bachelor,bachelor,"Bachelor of Business Administration (B.B.A.), Marketing",marketing,bachelor of business administration bba marketing,marketing
bachelor,bachelor,"Bachelor of Business Administration (B.B.A.), Marketing & Human Resource Management",Human Resources,bachelor of business administration bba marketing human resource management,human resources
bachelor,bachelor,"Bachelor of Business Administration (B.B.A.), Marketing and Technopreneurship",marketing,bachelor of business administration bba marketing and technopreneurship,marketing
bachelor,bachelor,"Bachelor of Business Administration (B.B.A.), Marketing Major",marketing,bachelor of business administration bba marketing major,marketing
bachelor,bachelor,"Bachelor of Business Administration (B.B.A.), Marketing/Marketing Management, General",marketing,bachelor of business administration bba marketingmarketing management general,marketing
bachelor,bachelor,Bachelor of Business Administration (BBA),,bachelor of business administration bba,business administration
bachelor,bachelor,"Bachelor of Business Administration (BBA)
(First Class Honours), Tourism and Hospitality Management, Human Resources Consulting",Human Resources,"bachelor of business administration bba
first class honours tourism and hospitality management human resources consulting",human resources
bachelor,bachelor,"Bachelor of Business Administration (BBA) - IBGM, Global business and Finance",,bachelor of business administration bba ibgm global business and finance,business administration
bachelor,bachelor,"Bachelor of Business Administration (BBA), Accounting",accounting,bachelor of business administration bba accounting,accounting
bachelor,bachelor,"Bachelor of Business Administration (BBA), Accounting and Finance",,bachelor of business administration bba accounting and finance,accounting
bachelor,bachelor,"Bachelor of Business Administration (BBA), Business",business,bachelor of business administration bba business,business
bachelor,bachelor,"Bachelor of Business Administration (BBA), Business Administration and Management, General",,bachelor of business administration bba business administration and management general,business administration
bachelor,bachelor,"Bachelor of Business Administration (BBA), Business/Managerial Economics",,bachelor of business administration bba businessmanagerial economics,business administration
bachelor,bachelor,"Bachelor of Business Administration (BBA), Human Resources Development",Human Resources,bachelor of business administration bba human resources development,human resources
bachelor,bachelor,"Bachelor of Business Administration (BBA), Human Resources Management and Services",Human Resources,bachelor of business administration bba human resources management and services,human resources
bachelor,bachelor,"Bachelor of Business Administration (BBA), International Business and Global Management",,bachelor of business administration bba international business and global management,business administration
bachelor,bachelor,"Bachelor of Business Administration (BBA), International Business, Marketing, Management ",,bachelor of business administration bba international business marketing management,marketing
bachelor,bachelor,"Bachelor of Business Administration (BBA), Marketing",marketing,bachelor of business administration bba marketing,marketing
bachelor,bachelor,"Bachelor of Business Administration (BBA), Marketing/Marketing Management, General",,bachelor of business administration bba marketingmarketing management general,marketing
bachelor,bachelor,"Bachelor of Business Administration (BBA), Professional Accounting / Organizational Management",,bachelor of business administration bba professional accounting organizational management,accounting
bachelor,bachelor,Bachelor of Business Administration (Honors),,bachelor of business administration honors,business administration
bachelor,bachelor,Bachelor of Business Administration (Honors),business,bachelor of business administration honors,business
bachelor,bachelor,"Bachelor of Business Administration (Honours), Accountancy and Finance",,bachelor of business administration honours accountancy and finance,business administration
bachelor,bachelor,"Bachelor of Business Administration (Honours), Business, Major in Marketing",,bachelor of business administration honours business major in marketing,marketing
bachelor,bachelor,"Bachelor of Business Administration (Hons), Operations and Supply Chain Management, and Management and Human Capital",,bachelor of business administration hons operations and supply chain management and management and human capital,business administration
bachelor,bachelor,"Bachelor of Business Administration and Analytics (BBA), Business, Management, Analytics, Statistics",,bachelor of business administration and analytics bba business management analytics statistics,business management
bachelor,bachelor,"Bachelor of Business Administration, Marketing and Management",,bachelor of business administration marketing and management,marketing
bachelor,bachelor,"Bachelor of Business and Commerce, Accounting and Finance",,bachelor of business and commerce accounting and finance,accounting
bachelor,bachelor,"Bachelor of Business and Commerce, Marketing + Banking & Finance",,bachelor of business and commerce marketing banking finance,marketing
bachelor,bachelor,"Bachelor of business information Systems / Bachelor Of Business, Finance, General",,bachelor of business information systems bachelor of business finance general,business
bachelor,bachelor,Bachelor of Business Management,business management,bachelor of business management,business management
bachelor,bachelor,"Bachelor of Business Management - BBM, Finance",business management,bachelor of business management bbm finance,business management
bachelor,bachelor,"Bachelor of Business Management - BBM, Marketing",business management,bachelor of business management bbm marketing,business management
bachelor,bachelor,"Bachelor of Business Management , Business Administration and Management, General",business management,bachelor of business management business administration and management general,business management
bachelor,bachelor,"Bachelor of Business Management (BBM), Finance",finance,bachelor of business management bbm finance,finance
bachelor,bachelor,"Bachelor of Business Management (BBM), Finance Major",Business,bachelor of business management bbm finance major,business
bachelor,bachelor,"Bachelor of Business Management (BBM), Marketing and Finance",business management,bachelor of business management bbm marketing and finance,business management
bachelor,bachelor,"Bachelor of Business Management (Honours), Marketing & Corporate Communications",business,bachelor of business management honours marketing corporate communications,business
bachelor,bachelor,"Bachelor of Business Management (Hons), Human Resource, Management and Marketing",business management,bachelor of business management hons human resource management and marketing,business management
bachelor,bachelor,"Bachelor of Business Management, Double Majors in Finance and Corporate Communications",business management,bachelor of business management double majors in finance and corporate communications,business management
bachelor,bachelor,"Bachelor of Business Management, Investment Finance and Strategic Management, Cum Laude",business management,bachelor of business management investment finance and strategic management cum laude,business management
bachelor,bachelor,"Bachelor of Business Management, Marketing",business management,bachelor of business management marketing,business management
bachelor,bachelor,"Bachelor of Business Management, Marketing & Corporate Communications",business management,bachelor of business management marketing corporate communications,business management
bachelor,bachelor,"Bachelor of Business Management, Marketing & Operations Management",business management,bachelor of business management marketing operations management,business management
bachelor,bachelor,"Bachelor of Business Management, Marketing/Corporate Communication",business management,bachelor of business management marketingcorporate communication,business management
bachelor,bachelor,"Bachelor of Business Management, Organisational Behaviour and Human Resources",Human Resources,bachelor of business management organisational behaviour and human resources,human resources
bachelor,bachelor,"Bachelor of Business Managment, International Business",,bachelor of business managment international business,business
bachelor,bachelor,"Bachelor of Business Studies, Management",,bachelor of business studies management,business
